<?xml version="1.0" encoding="UTF-8" ?>
<!DOCTYPE mapper
        PUBLIC "-//mybatis.org//DTD Mapper 3.0//EN"
        "http://mybatis.org/dtd/mybatis-3-mapper.dtd">
<mapper namespace="org.duffy.mapper.BoardMapper">
    <select id="getList" resultType="org.duffy.domain.BoardVO">
        <![CDATA[
        select * from tbl_board where bno>0 and ROWNUM>0 and ROWNUM <= 5
    ]]>
    </select>

    <insert id="insert">
        insert into tbl_board (bno, title, context, writer)
        values (seq_board.nextval, #{title}, #{context}, #{writer})
    </insert>

    <insert id="insertSelectKey">
        <selectKey keyProperty="bno" order="BEFORE" resultType="long">
            select seq_board.nextval from dual
        </selectKey>
        insert into tbl_board (bno, title, context, writer)
        values (#{bno}, #{title}, #{context}, #{writer})
    </insert>

    <select id="read" resultType="org.duffy.domain.BoardVO">
        select * from tbl_board where bno = #{bno}
    </select>

    <delete id="delete">
        delete from tbl_board where bno = #{bno}
    </delete>

    <update id="update">
        update tbl_board
        set title = #{title},
            context = #{context},
            updatedate = sysdate
        where bno = #{bno}
    </update>
</mapper>