<?xml version="1.0" encoding="UTF-8"?>
<beans xmlns="http://www.springframework.org/schema/beans"
       xmlns:xsi="http://www.w3.org/2001/XMLSchema-instance"
       xmlns:context="http://www.springframework.org/schema/context"
       xmlns:mvc="http://www.springframework.org/schema/mvc"
       xmlns:beans="http://www.springframework.org/schema/beans"
       xsi:schemaLocation="http://www.springframework.org/schema/beans http://www.springframework.org/schema/beans/spring-beans.xsd
        http://www.springframework.org/schema/context http://www.springframework.org/schema/context/spring-context-4.0.xsd
        http://www.springframework.org/schema/mvc http://www.springframework.org/schema/mvc/spring-mvc-4.0.xsd">

    <mvc:annotation-driven></mvc:annotation-driven> <!-- Annotation 활성화 -->
    <context:component-scan base-package="org.duffy.controller"></context:component-scan> <!-- Component 패키지 지정 -->

    <bean class="org.springframework.web.servlet.view.InternalResourceViewResolver">
<!--        <property name="prefix" value="/WEB-INF/views/"></property>-->
        <property name="suffix" value=".jsp"></property>
    </bean>

    <mvc:annotation-driven></mvc:annotation-driven>
    <context:component-scan base-package="org.duffy.controller"></context:component-scan>

    <mvc:resources mapping="/resources/**" location="/web/resources/"/>
<!--    "/src/main/resources/"-->

    <beans:bean class="org.springframework.web.servlet.view.InternalResourceViewResolver">
        <beans:property name="prefix" value="/WEB-INF/views/" />
        <beans:property name="suffix" value=".jsp" />
    </beans:bean>
</beans>